filename;surat;class;folder
Al Adiyat.wav;1;Al-Adiyat;surat1
Al Adiyat_1.wav;1;Al-Adiyat;surat1
Al Adiyat_10.wav;1;Al-Adiyat;surat1
Al Adiyat_11.wav;1;Al-Adiyat;surat1
Al Adiyat_12.wav;1;Al-Adiyat;surat1
Al Adiyat_13.wav;1;Al-Adiyat;surat1
Al Adiyat_14.wav;1;Al-Adiyat;surat1
Al Adiyat_15.wav;1;Al-Adiyat;surat1
Al Adiyat_16.wav;1;Al-Adiyat;surat1
Al Adiyat_17.wav;1;Al-Adiyat;surat1
Al Adiyat_18.wav;1;Al-Adiyat;surat1
Al Adiyat_19.wav;1;Al-Adiyat;surat1
Al Adiyat_2.wav;1;Al-Adiyat;surat1
Al Adiyat_20.wav;1;Al-Adiyat;surat1
Al Adiyat_21.wav;1;Al-Adiyat;surat1
Al Adiyat_22.wav;1;Al-Adiyat;surat1
Al Adiyat_23.wav;1;Al-Adiyat;surat1
Al Adiyat_24.wav;1;Al-Adiyat;surat1
Al Adiyat_25.wav;1;Al-Adiyat;surat1
Al Adiyat_26.wav;1;Al-Adiyat;surat1
Al Adiyat_27.wav;1;Al-Adiyat;surat1
Al Adiyat_28.wav;1;Al-Adiyat;surat1
Al Adiyat_29.wav;1;Al-Adiyat;surat1
Al Adiyat_3.wav;1;Al-Adiyat;surat1
Al Adiyat_30.wav;1;Al-Adiyat;surat1
Al Adiyat_31.wav;1;Al-Adiyat;surat1
Al Adiyat_32.wav;1;Al-Adiyat;surat1
Al Adiyat_33.wav;1;Al-Adiyat;surat1
Al Adiyat_34.wav;1;Al-Adiyat;surat1
Al Adiyat_35.wav;1;Al-Adiyat;surat1
Al Adiyat_36.wav;1;Al-Adiyat;surat1
Al Adiyat_37.wav;1;Al-Adiyat;surat1
Al Adiyat_38.wav;1;Al-Adiyat;surat1
Al Adiyat_39.wav;1;Al-Adiyat;surat1
Al Adiyat_4.wav;1;Al-Adiyat;surat1
Al Adiyat_40.wav;1;Al-Adiyat;surat1
Al Adiyat_41.wav;1;Al-Adiyat;surat1
Al Adiyat_42.wav;1;Al-Adiyat;surat1
Al Adiyat_43.wav;1;Al-Adiyat;surat1
Al Adiyat_44.wav;1;Al-Adiyat;surat1
Al Adiyat_45.wav;1;Al-Adiyat;surat1
Al Adiyat_46.wav;1;Al-Adiyat;surat1
Al Adiyat_47.wav;1;Al-Adiyat;surat1
Al Adiyat_48.wav;1;Al-Adiyat;surat1
Al Adiyat_49.wav;1;Al-Adiyat;surat1
Al Adiyat_5.wav;1;Al-Adiyat;surat1
Al Adiyat_50.wav;1;Al-Adiyat;surat1
Al Adiyat_51.wav;1;Al-Adiyat;surat1
Al Adiyat_52.wav;1;Al-Adiyat;surat1
Al Adiyat_53.wav;1;Al-Adiyat;surat1
Al Adiyat_54.wav;1;Al-Adiyat;surat1
Al Adiyat_55.wav;1;Al-Adiyat;surat1
Al Adiyat_56.wav;1;Al-Adiyat;surat1
Al Adiyat_57.wav;1;Al-Adiyat;surat1
Al Adiyat_58.wav;1;Al-Adiyat;surat1
Al Adiyat_59.wav;1;Al-Adiyat;surat1
Al Adiyat_6.wav;1;Al-Adiyat;surat1
Al Adiyat_60.wav;1;Al-Adiyat;surat1
Al Adiyat_61.wav;1;Al-Adiyat;surat1
Al Adiyat_62.wav;1;Al-Adiyat;surat1
Al Adiyat_63.wav;1;Al-Adiyat;surat1
Al Adiyat_64.wav;1;Al-Adiyat;surat1
Al Adiyat_65.wav;1;Al-Adiyat;surat1
Al Adiyat_66.wav;1;Al-Adiyat;surat1
Al Adiyat_67.wav;1;Al-Adiyat;surat1
Al Adiyat_68.wav;1;Al-Adiyat;surat1
Al Adiyat_69.wav;1;Al-Adiyat;surat1
Al Adiyat_7.wav;1;Al-Adiyat;surat1
Al Adiyat_70.wav;1;Al-Adiyat;surat1
Al Adiyat_71.wav;1;Al-Adiyat;surat1
Al Adiyat_72.wav;1;Al-Adiyat;surat1
Al Adiyat_73.wav;1;Al-Adiyat;surat1
Al Adiyat_74.wav;1;Al-Adiyat;surat1
Al Adiyat_75.wav;1;Al-Adiyat;surat1
Al Adiyat_76.wav;1;Al-Adiyat;surat1
Al Adiyat_77.wav;1;Al-Adiyat;surat1
Al Adiyat_78.wav;1;Al-Adiyat;surat1
Al Adiyat_79.wav;1;Al-Adiyat;surat1
Al Adiyat_8.wav;1;Al-Adiyat;surat1
Al Adiyat_9.wav;1;Al-Adiyat;surat1
Al-Adiyat_25.wav;1;Al-Adiyat;surat1
Al-Adiyat_26.wav;1;Al-Adiyat;surat1
Al-Adiyat_27.wav;1;Al-Adiyat;surat1
Al Asr.wav;2;Al-Asr;surat2
Al Asr_1.wav;2;Al-Asr;surat2
Al Asr_10.wav;2;Al-Asr;surat2
Al Asr_11.wav;2;Al-Asr;surat2
Al Asr_12.wav;2;Al-Asr;surat2
Al Asr_13.wav;2;Al-Asr;surat2
Al Asr_14.wav;2;Al-Asr;surat2
Al Asr_15.wav;2;Al-Asr;surat2
Al Asr_16.wav;2;Al-Asr;surat2
Al Asr_17.wav;2;Al-Asr;surat2
Al Asr_18.wav;2;Al-Asr;surat2
Al Asr_19.wav;2;Al-Asr;surat2
Al Asr_2.wav;2;Al-Asr;surat2
Al Asr_20.wav;2;Al-Asr;surat2
Al Asr_21.wav;2;Al-Asr;surat2
Al Asr_22.wav;2;Al-Asr;surat2
Al Asr_23.wav;2;Al-Asr;surat2
Al Asr_24.wav;2;Al-Asr;surat2
Al Asr_25.wav;2;Al-Asr;surat2
Al Asr_26.wav;2;Al-Asr;surat2
Al Asr_27.wav;2;Al-Asr;surat2
Al Asr_28.wav;2;Al-Asr;surat2
Al Asr_29.wav;2;Al-Asr;surat2
Al Asr_3.wav;2;Al-Asr;surat2
Al Asr_30.wav;2;Al-Asr;surat2
Al Asr_31.wav;2;Al-Asr;surat2
Al Asr_32.wav;2;Al-Asr;surat2
Al Asr_33.wav;2;Al-Asr;surat2
Al Asr_34.wav;2;Al-Asr;surat2
Al Asr_35.wav;2;Al-Asr;surat2
Al Asr_36.wav;2;Al-Asr;surat2
Al Asr_37.wav;2;Al-Asr;surat2
Al Asr_38.wav;2;Al-Asr;surat2
Al Asr_39.wav;2;Al-Asr;surat2
Al Asr_4.wav;2;Al-Asr;surat2
Al Asr_40.wav;2;Al-Asr;surat2
Al Asr_41.wav;2;Al-Asr;surat2
Al Asr_42.wav;2;Al-Asr;surat2
Al Asr_43.wav;2;Al-Asr;surat2
Al Asr_44.wav;2;Al-Asr;surat2
Al Asr_45.wav;2;Al-Asr;surat2
Al Asr_46.wav;2;Al-Asr;surat2
Al Asr_47.wav;2;Al-Asr;surat2
Al Asr_48.wav;2;Al-Asr;surat2
Al Asr_49.wav;2;Al-Asr;surat2
Al Asr_5.wav;2;Al-Asr;surat2
Al Asr_50.wav;2;Al-Asr;surat2
Al Asr_51.wav;2;Al-Asr;surat2
Al Asr_52.wav;2;Al-Asr;surat2
Al Asr_53.wav;2;Al-Asr;surat2
Al Asr_54.wav;2;Al-Asr;surat2
Al Asr_55.wav;2;Al-Asr;surat2
Al Asr_56.wav;2;Al-Asr;surat2
Al Asr_57.wav;2;Al-Asr;surat2
Al Asr_58.wav;2;Al-Asr;surat2
Al Asr_59.wav;2;Al-Asr;surat2
Al Asr_6.wav;2;Al-Asr;surat2
Al Asr_60.wav;2;Al-Asr;surat2
Al Asr_61.wav;2;Al-Asr;surat2
Al Asr_62.wav;2;Al-Asr;surat2
Al Asr_63.wav;2;Al-Asr;surat2
Al Asr_64.wav;2;Al-Asr;surat2
Al Asr_65.wav;2;Al-Asr;surat2
Al Asr_66.wav;2;Al-Asr;surat2
Al Asr_67.wav;2;Al-Asr;surat2
Al Asr_68.wav;2;Al-Asr;surat2
Al Asr_69.wav;2;Al-Asr;surat2
Al Asr_7.wav;2;Al-Asr;surat2
Al Asr_70.wav;2;Al-Asr;surat2
Al Asr_71.wav;2;Al-Asr;surat2
Al Asr_72.wav;2;Al-Asr;surat2
Al Asr_73.wav;2;Al-Asr;surat2
Al Asr_74.wav;2;Al-Asr;surat2
Al Asr_75.wav;2;Al-Asr;surat2
Al Asr_76.wav;2;Al-Asr;surat2
Al Asr_77.wav;2;Al-Asr;surat2
Al Asr_78.wav;2;Al-Asr;surat2
Al Asr_79.wav;2;Al-Asr;surat2
Al Asr_8.wav;2;Al-Asr;surat2
Al Asr_9.wav;2;Al-Asr;surat2
Al-Asr_25.wav;2;Al-Asr;surat2
Al-Asr_26.wav;2;Al-Asr;surat2
Al-Asr_27.wav;2;Al-Asr;surat2
Al Bayyinah.wav;3;Al-Bayyinah;surat3
Al Bayyinah_1.wav;3;Al-Bayyinah;surat3
Al Bayyinah_10.wav;3;Al-Bayyinah;surat3
Al Bayyinah_11.wav;3;Al-Bayyinah;surat3
Al Bayyinah_12.wav;3;Al-Bayyinah;surat3
Al Bayyinah_13.wav;3;Al-Bayyinah;surat3
Al Bayyinah_14.wav;3;Al-Bayyinah;surat3
Al Bayyinah_15.wav;3;Al-Bayyinah;surat3
Al Bayyinah_16.wav;3;Al-Bayyinah;surat3
Al Bayyinah_17.wav;3;Al-Bayyinah;surat3
Al Bayyinah_18.wav;3;Al-Bayyinah;surat3
Al Bayyinah_19.wav;3;Al-Bayyinah;surat3
Al Bayyinah_2.wav;3;Al-Bayyinah;surat3
Al Bayyinah_20.wav;3;Al-Bayyinah;surat3
Al Bayyinah_21.wav;3;Al-Bayyinah;surat3
Al Bayyinah_22.wav;3;Al-Bayyinah;surat3
Al Bayyinah_23.wav;3;Al-Bayyinah;surat3
Al Bayyinah_24.wav;3;Al-Bayyinah;surat3
Al Bayyinah_25.wav;3;Al-Bayyinah;surat3
Al Bayyinah_26.wav;3;Al-Bayyinah;surat3
Al Bayyinah_27.wav;3;Al-Bayyinah;surat3
Al Bayyinah_28.wav;3;Al-Bayyinah;surat3
Al Bayyinah_29.wav;3;Al-Bayyinah;surat3
Al Bayyinah_3.wav;3;Al-Bayyinah;surat3
Al Bayyinah_30.wav;3;Al-Bayyinah;surat3
Al Bayyinah_31.wav;3;Al-Bayyinah;surat3
Al Bayyinah_32.wav;3;Al-Bayyinah;surat3
Al Bayyinah_33.wav;3;Al-Bayyinah;surat3
Al Bayyinah_34.wav;3;Al-Bayyinah;surat3
Al Bayyinah_35.wav;3;Al-Bayyinah;surat3
Al Bayyinah_36.wav;3;Al-Bayyinah;surat3
Al Bayyinah_37.wav;3;Al-Bayyinah;surat3
Al Bayyinah_38.wav;3;Al-Bayyinah;surat3
Al Bayyinah_39.wav;3;Al-Bayyinah;surat3
Al Bayyinah_4.wav;3;Al-Bayyinah;surat3
Al Bayyinah_40.wav;3;Al-Bayyinah;surat3
Al Bayyinah_41.wav;3;Al-Bayyinah;surat3
Al Bayyinah_42.wav;3;Al-Bayyinah;surat3
Al Bayyinah_43.wav;3;Al-Bayyinah;surat3
Al Bayyinah_44.wav;3;Al-Bayyinah;surat3
Al Bayyinah_45.wav;3;Al-Bayyinah;surat3
Al Bayyinah_46.wav;3;Al-Bayyinah;surat3
Al Bayyinah_47.wav;3;Al-Bayyinah;surat3
Al Bayyinah_48.wav;3;Al-Bayyinah;surat3
Al Bayyinah_49.wav;3;Al-Bayyinah;surat3
Al Bayyinah_5.wav;3;Al-Bayyinah;surat3
Al Bayyinah_50.wav;3;Al-Bayyinah;surat3
Al Bayyinah_51.wav;3;Al-Bayyinah;surat3
Al Bayyinah_52.wav;3;Al-Bayyinah;surat3
Al Bayyinah_53.wav;3;Al-Bayyinah;surat3
Al Bayyinah_54.wav;3;Al-Bayyinah;surat3
Al Bayyinah_55.wav;3;Al-Bayyinah;surat3
Al Bayyinah_56.wav;3;Al-Bayyinah;surat3
Al Bayyinah_57.wav;3;Al-Bayyinah;surat3
Al Bayyinah_58.wav;3;Al-Bayyinah;surat3
Al Bayyinah_59.wav;3;Al-Bayyinah;surat3
Al Bayyinah_6.wav;3;Al-Bayyinah;surat3
Al Bayyinah_60.wav;3;Al-Bayyinah;surat3
Al Bayyinah_61.wav;3;Al-Bayyinah;surat3
Al Bayyinah_62.wav;3;Al-Bayyinah;surat3
Al Bayyinah_63.wav;3;Al-Bayyinah;surat3
Al Bayyinah_64.wav;3;Al-Bayyinah;surat3
Al Bayyinah_65.wav;3;Al-Bayyinah;surat3
Al Bayyinah_66.wav;3;Al-Bayyinah;surat3
Al Bayyinah_67.wav;3;Al-Bayyinah;surat3
Al Bayyinah_68.wav;3;Al-Bayyinah;surat3
Al Bayyinah_69.wav;3;Al-Bayyinah;surat3
Al Bayyinah_7.wav;3;Al-Bayyinah;surat3
Al Bayyinah_70.wav;3;Al-Bayyinah;surat3
Al Bayyinah_71.wav;3;Al-Bayyinah;surat3
Al Bayyinah_72.wav;3;Al-Bayyinah;surat3
Al Bayyinah_73.wav;3;Al-Bayyinah;surat3
Al Bayyinah_74.wav;3;Al-Bayyinah;surat3
Al Bayyinah_75.wav;3;Al-Bayyinah;surat3
Al Bayyinah_76.wav;3;Al-Bayyinah;surat3
Al Bayyinah_77.wav;3;Al-Bayyinah;surat3
Al Bayyinah_78.wav;3;Al-Bayyinah;surat3
Al Bayyinah_79.wav;3;Al-Bayyinah;surat3
Al Bayyinah_8.wav;3;Al-Bayyinah;surat3
Al Bayyinah_9.wav;3;Al-Bayyinah;surat3
Al-Bayyinah_25.wav;3;Al-Bayyinah;surat3
Al-Bayyinah_26.wav;3;Al-Bayyinah;surat3
Al-Bayyinah_27.wav;3;Al-Bayyinah;surat3
Al Falaq.wav;4;Al-Falaq;surat4
Al Falaq_1.wav;4;Al-Falaq;surat4
Al Falaq_10.wav;4;Al-Falaq;surat4
Al Falaq_11.wav;4;Al-Falaq;surat4
Al Falaq_12.wav;4;Al-Falaq;surat4
Al Falaq_13.wav;4;Al-Falaq;surat4
Al Falaq_14.wav;4;Al-Falaq;surat4
Al Falaq_15.wav;4;Al-Falaq;surat4
Al Falaq_16.wav;4;Al-Falaq;surat4
Al Falaq_17.wav;4;Al-Falaq;surat4
Al Falaq_18.wav;4;Al-Falaq;surat4
Al Falaq_19.wav;4;Al-Falaq;surat4
Al Falaq_2.wav;4;Al-Falaq;surat4
Al Falaq_20.wav;4;Al-Falaq;surat4
Al Falaq_21.wav;4;Al-Falaq;surat4
Al Falaq_22.wav;4;Al-Falaq;surat4
Al Falaq_23.wav;4;Al-Falaq;surat4
Al Falaq_24.wav;4;Al-Falaq;surat4
Al Falaq_25.wav;4;Al-Falaq;surat4
Al Falaq_26.wav;4;Al-Falaq;surat4
Al Falaq_27.wav;4;Al-Falaq;surat4
Al Falaq_28.wav;4;Al-Falaq;surat4
Al Falaq_29.wav;4;Al-Falaq;surat4
Al Falaq_3.wav;4;Al-Falaq;surat4
Al Falaq_30.wav;4;Al-Falaq;surat4
Al Falaq_31.wav;4;Al-Falaq;surat4
Al Falaq_32.wav;4;Al-Falaq;surat4
Al Falaq_33.wav;4;Al-Falaq;surat4
Al Falaq_34.wav;4;Al-Falaq;surat4
Al Falaq_35.wav;4;Al-Falaq;surat4
Al Falaq_36.wav;4;Al-Falaq;surat4
Al Falaq_37.wav;4;Al-Falaq;surat4
Al Falaq_38.wav;4;Al-Falaq;surat4
Al Falaq_39.wav;4;Al-Falaq;surat4
Al Falaq_4.wav;4;Al-Falaq;surat4
Al Falaq_40.wav;4;Al-Falaq;surat4
Al Falaq_41.wav;4;Al-Falaq;surat4
Al Falaq_42.wav;4;Al-Falaq;surat4
Al Falaq_43.wav;4;Al-Falaq;surat4
Al Falaq_44.wav;4;Al-Falaq;surat4
Al Falaq_45.wav;4;Al-Falaq;surat4
Al Falaq_46.wav;4;Al-Falaq;surat4
Al Falaq_47.wav;4;Al-Falaq;surat4
Al Falaq_48.wav;4;Al-Falaq;surat4
Al Falaq_49.wav;4;Al-Falaq;surat4
Al Falaq_5.wav;4;Al-Falaq;surat4
Al Falaq_50.wav;4;Al-Falaq;surat4
Al Falaq_51.wav;4;Al-Falaq;surat4
Al Falaq_52.wav;4;Al-Falaq;surat4
Al Falaq_53.wav;4;Al-Falaq;surat4
Al Falaq_54.wav;4;Al-Falaq;surat4
Al Falaq_55.wav;4;Al-Falaq;surat4
Al Falaq_56.wav;4;Al-Falaq;surat4
Al Falaq_57.wav;4;Al-Falaq;surat4
Al Falaq_58.wav;4;Al-Falaq;surat4
Al Falaq_59.wav;4;Al-Falaq;surat4
Al Falaq_6.wav;4;Al-Falaq;surat4
Al Falaq_60.wav;4;Al-Falaq;surat4
Al Falaq_61.wav;4;Al-Falaq;surat4
Al Falaq_62.wav;4;Al-Falaq;surat4
Al Falaq_63.wav;4;Al-Falaq;surat4
Al Falaq_64.wav;4;Al-Falaq;surat4
Al Falaq_65.wav;4;Al-Falaq;surat4
Al Falaq_66.wav;4;Al-Falaq;surat4
Al Falaq_67.wav;4;Al-Falaq;surat4
Al Falaq_68.wav;4;Al-Falaq;surat4
Al Falaq_69.wav;4;Al-Falaq;surat4
Al Falaq_7.wav;4;Al-Falaq;surat4
Al Falaq_70.wav;4;Al-Falaq;surat4
Al Falaq_71.wav;4;Al-Falaq;surat4
Al Falaq_72.wav;4;Al-Falaq;surat4
Al Falaq_73.wav;4;Al-Falaq;surat4
Al Falaq_74.wav;4;Al-Falaq;surat4
Al Falaq_75.wav;4;Al-Falaq;surat4
Al Falaq_76.wav;4;Al-Falaq;surat4
Al Falaq_77.wav;4;Al-Falaq;surat4
Al Falaq_78.wav;4;Al-Falaq;surat4
Al Falaq_79.wav;4;Al-Falaq;surat4
Al Falaq_8.wav;4;Al-Falaq;surat4
Al Falaq_9.wav;4;Al-Falaq;surat4
Al-Falaq_25.wav;4;Al-Falaq;surat4
Al-Falaq_26.wav;4;Al-Falaq;surat4
Al-Falaq_27.wav;4;Al-Falaq;surat4
Al Fatihah.wav;5;Al-Fatihah;surat5
Al Fatihah_1.wav;5;Al-Fatihah;surat5
Al Fatihah_10.wav;5;Al-Fatihah;surat5
Al Fatihah_11.wav;5;Al-Fatihah;surat5
Al Fatihah_12.wav;5;Al-Fatihah;surat5
Al Fatihah_13.wav;5;Al-Fatihah;surat5
Al Fatihah_14.wav;5;Al-Fatihah;surat5
Al Fatihah_15.wav;5;Al-Fatihah;surat5
Al Fatihah_16.wav;5;Al-Fatihah;surat5
Al Fatihah_17.wav;5;Al-Fatihah;surat5
Al Fatihah_18.wav;5;Al-Fatihah;surat5
Al Fatihah_19.wav;5;Al-Fatihah;surat5
Al Fatihah_2.wav;5;Al-Fatihah;surat5
Al Fatihah_20.wav;5;Al-Fatihah;surat5
Al Fatihah_21.wav;5;Al-Fatihah;surat5
Al Fatihah_22.wav;5;Al-Fatihah;surat5
Al Fatihah_23.wav;5;Al-Fatihah;surat5
Al Fatihah_24.wav;5;Al-Fatihah;surat5
Al Fatihah_25.wav;5;Al-Fatihah;surat5
Al Fatihah_26.wav;5;Al-Fatihah;surat5
Al Fatihah_27.wav;5;Al-Fatihah;surat5
Al Fatihah_28.wav;5;Al-Fatihah;surat5
Al Fatihah_29.wav;5;Al-Fatihah;surat5
Al Fatihah_3.wav;5;Al-Fatihah;surat5
Al Fatihah_30.wav;5;Al-Fatihah;surat5
Al Fatihah_31.wav;5;Al-Fatihah;surat5
Al Fatihah_32.wav;5;Al-Fatihah;surat5
Al Fatihah_33.wav;5;Al-Fatihah;surat5
Al Fatihah_34.wav;5;Al-Fatihah;surat5
Al Fatihah_35.wav;5;Al-Fatihah;surat5
Al Fatihah_36.wav;5;Al-Fatihah;surat5
Al Fatihah_37.wav;5;Al-Fatihah;surat5
Al Fatihah_38.wav;5;Al-Fatihah;surat5
Al Fatihah_39.wav;5;Al-Fatihah;surat5
Al Fatihah_4.wav;5;Al-Fatihah;surat5
Al Fatihah_40.wav;5;Al-Fatihah;surat5
Al Fatihah_41.wav;5;Al-Fatihah;surat5
Al Fatihah_42.wav;5;Al-Fatihah;surat5
Al Fatihah_43.wav;5;Al-Fatihah;surat5
Al Fatihah_44.wav;5;Al-Fatihah;surat5
Al Fatihah_45.wav;5;Al-Fatihah;surat5
Al Fatihah_46.wav;5;Al-Fatihah;surat5
Al Fatihah_47.wav;5;Al-Fatihah;surat5
Al Fatihah_48.wav;5;Al-Fatihah;surat5
Al Fatihah_49.wav;5;Al-Fatihah;surat5
Al Fatihah_5.wav;5;Al-Fatihah;surat5
Al Fatihah_50.wav;5;Al-Fatihah;surat5
Al Fatihah_51.wav;5;Al-Fatihah;surat5
Al Fatihah_52.wav;5;Al-Fatihah;surat5
Al Fatihah_53.wav;5;Al-Fatihah;surat5
Al Fatihah_54.wav;5;Al-Fatihah;surat5
Al Fatihah_55.wav;5;Al-Fatihah;surat5
Al Fatihah_56.wav;5;Al-Fatihah;surat5
Al Fatihah_57.wav;5;Al-Fatihah;surat5
Al Fatihah_58.wav;5;Al-Fatihah;surat5
Al Fatihah_59.wav;5;Al-Fatihah;surat5
Al Fatihah_6.wav;5;Al-Fatihah;surat5
Al Fatihah_60.wav;5;Al-Fatihah;surat5
Al Fatihah_61.wav;5;Al-Fatihah;surat5
Al Fatihah_62.wav;5;Al-Fatihah;surat5
Al Fatihah_63.wav;5;Al-Fatihah;surat5
Al Fatihah_64.wav;5;Al-Fatihah;surat5
Al Fatihah_65.wav;5;Al-Fatihah;surat5
Al Fatihah_66.wav;5;Al-Fatihah;surat5
Al Fatihah_67.wav;5;Al-Fatihah;surat5
Al Fatihah_68.wav;5;Al-Fatihah;surat5
Al Fatihah_69.wav;5;Al-Fatihah;surat5
Al Fatihah_7.wav;5;Al-Fatihah;surat5
Al Fatihah_70.wav;5;Al-Fatihah;surat5
Al Fatihah_71.wav;5;Al-Fatihah;surat5
Al Fatihah_72.wav;5;Al-Fatihah;surat5
Al Fatihah_73.wav;5;Al-Fatihah;surat5
Al Fatihah_74.wav;5;Al-Fatihah;surat5
Al Fatihah_75.wav;5;Al-Fatihah;surat5
Al Fatihah_76.wav;5;Al-Fatihah;surat5
Al Fatihah_77.wav;5;Al-Fatihah;surat5
Al Fatihah_78.wav;5;Al-Fatihah;surat5
Al Fatihah_79.wav;5;Al-Fatihah;surat5
Al Fatihah_8.wav;5;Al-Fatihah;surat5
Al Fatihah_9.wav;5;Al-Fatihah;surat5
Al-Fatihah_25.wav;5;Al-Fatihah;surat5
Al-Fatihah_26.wav;5;Al-Fatihah;surat5
Al-Fatihah_27.wav;5;Al-Fatihah;surat5
Al Fil.wav;6;Al-Fil;surat6
Al Fil_1.wav;6;Al-Fil;surat6
Al Fil_10.wav;6;Al-Fil;surat6
Al Fil_11.wav;6;Al-Fil;surat6
Al Fil_12.wav;6;Al-Fil;surat6
Al Fil_13.wav;6;Al-Fil;surat6
Al Fil_14.wav;6;Al-Fil;surat6
Al Fil_15.wav;6;Al-Fil;surat6
Al Fil_16.wav;6;Al-Fil;surat6
Al Fil_17.wav;6;Al-Fil;surat6
Al Fil_18.wav;6;Al-Fil;surat6
Al Fil_19.wav;6;Al-Fil;surat6
Al Fil_2.wav;6;Al-Fil;surat6
Al Fil_20.wav;6;Al-Fil;surat6
Al Fil_21.wav;6;Al-Fil;surat6
Al Fil_22.wav;6;Al-Fil;surat6
Al Fil_23.wav;6;Al-Fil;surat6
Al Fil_24.wav;6;Al-Fil;surat6
Al Fil_25.wav;6;Al-Fil;surat6
Al Fil_26.wav;6;Al-Fil;surat6
Al Fil_27.wav;6;Al-Fil;surat6
Al Fil_28.wav;6;Al-Fil;surat6
Al Fil_29.wav;6;Al-Fil;surat6
Al Fil_3.wav;6;Al-Fil;surat6
Al Fil_30.wav;6;Al-Fil;surat6
Al Fil_31.wav;6;Al-Fil;surat6
Al Fil_32.wav;6;Al-Fil;surat6
Al Fil_33.wav;6;Al-Fil;surat6
Al Fil_34.wav;6;Al-Fil;surat6
Al Fil_35.wav;6;Al-Fil;surat6
Al Fil_36.wav;6;Al-Fil;surat6
Al Fil_37.wav;6;Al-Fil;surat6
Al Fil_38.wav;6;Al-Fil;surat6
Al Fil_39.wav;6;Al-Fil;surat6
Al Fil_4.wav;6;Al-Fil;surat6
Al Fil_40.wav;6;Al-Fil;surat6
Al Fil_41.wav;6;Al-Fil;surat6
Al Fil_42.wav;6;Al-Fil;surat6
Al Fil_43.wav;6;Al-Fil;surat6
Al Fil_44.wav;6;Al-Fil;surat6
Al Fil_45.wav;6;Al-Fil;surat6
Al Fil_46.wav;6;Al-Fil;surat6
Al Fil_47.wav;6;Al-Fil;surat6
Al Fil_48.wav;6;Al-Fil;surat6
Al Fil_49.wav;6;Al-Fil;surat6
Al Fil_5.wav;6;Al-Fil;surat6
Al Fil_50.wav;6;Al-Fil;surat6
Al Fil_51.wav;6;Al-Fil;surat6
Al Fil_52.wav;6;Al-Fil;surat6
Al Fil_53.wav;6;Al-Fil;surat6
Al Fil_54.wav;6;Al-Fil;surat6
Al Fil_55.wav;6;Al-Fil;surat6
Al Fil_56.wav;6;Al-Fil;surat6
Al Fil_57.wav;6;Al-Fil;surat6
Al Fil_58.wav;6;Al-Fil;surat6
Al Fil_59.wav;6;Al-Fil;surat6
Al Fil_6.wav;6;Al-Fil;surat6
Al Fil_60.wav;6;Al-Fil;surat6
Al Fil_61.wav;6;Al-Fil;surat6
Al Fil_62.wav;6;Al-Fil;surat6
Al Fil_63.wav;6;Al-Fil;surat6
Al Fil_64.wav;6;Al-Fil;surat6
Al Fil_65.wav;6;Al-Fil;surat6
Al Fil_66.wav;6;Al-Fil;surat6
Al Fil_67.wav;6;Al-Fil;surat6
Al Fil_68.wav;6;Al-Fil;surat6
Al Fil_69.wav;6;Al-Fil;surat6
Al Fil_7.wav;6;Al-Fil;surat6
Al Fil_70.wav;6;Al-Fil;surat6
Al Fil_71.wav;6;Al-Fil;surat6
Al Fil_72.wav;6;Al-Fil;surat6
Al Fil_73.wav;6;Al-Fil;surat6
Al Fil_74.wav;6;Al-Fil;surat6
Al Fil_75.wav;6;Al-Fil;surat6
Al Fil_76.wav;6;Al-Fil;surat6
Al Fil_77.wav;6;Al-Fil;surat6
Al Fil_78.wav;6;Al-Fil;surat6
Al Fil_79.wav;6;Al-Fil;surat6
Al Fil_8.wav;6;Al-Fil;surat6
Al Fil_9.wav;6;Al-Fil;surat6
Al-Fil_25.wav;6;Al-Fil;surat6
Al-Fil_26.wav;6;Al-Fil;surat6
Al-Fil_27.wav;6;Al-Fil;surat6
Al Humazah.wav;7;Al-Humazah;surat7
Al Humazah_1.wav;7;Al-Humazah;surat7
Al Humazah_10.wav;7;Al-Humazah;surat7
Al Humazah_11.wav;7;Al-Humazah;surat7
Al Humazah_12.wav;7;Al-Humazah;surat7
Al Humazah_13.wav;7;Al-Humazah;surat7
Al Humazah_14.wav;7;Al-Humazah;surat7
Al Humazah_15.wav;7;Al-Humazah;surat7
Al Humazah_16.wav;7;Al-Humazah;surat7
Al Humazah_17.wav;7;Al-Humazah;surat7
Al Humazah_18.wav;7;Al-Humazah;surat7
Al Humazah_19.wav;7;Al-Humazah;surat7
Al Humazah_2.wav;7;Al-Humazah;surat7
Al Humazah_20.wav;7;Al-Humazah;surat7
Al Humazah_21.wav;7;Al-Humazah;surat7
Al Humazah_22.wav;7;Al-Humazah;surat7
Al Humazah_23.wav;7;Al-Humazah;surat7
Al Humazah_24.wav;7;Al-Humazah;surat7
Al Humazah_25.wav;7;Al-Humazah;surat7
Al Humazah_26.wav;7;Al-Humazah;surat7
Al Humazah_27.wav;7;Al-Humazah;surat7
Al Humazah_28.wav;7;Al-Humazah;surat7
Al Humazah_29.wav;7;Al-Humazah;surat7
Al Humazah_3.wav;7;Al-Humazah;surat7
Al Humazah_30.wav;7;Al-Humazah;surat7
Al Humazah_31.wav;7;Al-Humazah;surat7
Al Humazah_32.wav;7;Al-Humazah;surat7
Al Humazah_33.wav;7;Al-Humazah;surat7
Al Humazah_34.wav;7;Al-Humazah;surat7
Al Humazah_35.wav;7;Al-Humazah;surat7
Al Humazah_36.wav;7;Al-Humazah;surat7
Al Humazah_37.wav;7;Al-Humazah;surat7
Al Humazah_38.wav;7;Al-Humazah;surat7
Al Humazah_39.wav;7;Al-Humazah;surat7
Al Humazah_4.wav;7;Al-Humazah;surat7
Al Humazah_40.wav;7;Al-Humazah;surat7
Al Humazah_41.wav;7;Al-Humazah;surat7
Al Humazah_42.wav;7;Al-Humazah;surat7
Al Humazah_43.wav;7;Al-Humazah;surat7
Al Humazah_44.wav;7;Al-Humazah;surat7
Al Humazah_45.wav;7;Al-Humazah;surat7
Al Humazah_46.wav;7;Al-Humazah;surat7
Al Humazah_47.wav;7;Al-Humazah;surat7
Al Humazah_48.wav;7;Al-Humazah;surat7
Al Humazah_49.wav;7;Al-Humazah;surat7
Al Humazah_5.wav;7;Al-Humazah;surat7
Al Humazah_50.wav;7;Al-Humazah;surat7
Al Humazah_51.wav;7;Al-Humazah;surat7
Al Humazah_52.wav;7;Al-Humazah;surat7
Al Humazah_53.wav;7;Al-Humazah;surat7
Al Humazah_54.wav;7;Al-Humazah;surat7
Al Humazah_55.wav;7;Al-Humazah;surat7
Al Humazah_56.wav;7;Al-Humazah;surat7
Al Humazah_57.wav;7;Al-Humazah;surat7
Al Humazah_58.wav;7;Al-Humazah;surat7
Al Humazah_59.wav;7;Al-Humazah;surat7
Al Humazah_6.wav;7;Al-Humazah;surat7
Al Humazah_60.wav;7;Al-Humazah;surat7
Al Humazah_61.wav;7;Al-Humazah;surat7
Al Humazah_62.wav;7;Al-Humazah;surat7
Al Humazah_63.wav;7;Al-Humazah;surat7
Al Humazah_64.wav;7;Al-Humazah;surat7
Al Humazah_65.wav;7;Al-Humazah;surat7
Al Humazah_66.wav;7;Al-Humazah;surat7
Al Humazah_67.wav;7;Al-Humazah;surat7
Al Humazah_68.wav;7;Al-Humazah;surat7
Al Humazah_69.wav;7;Al-Humazah;surat7
Al Humazah_7.wav;7;Al-Humazah;surat7
Al Humazah_70.wav;7;Al-Humazah;surat7
Al Humazah_71.wav;7;Al-Humazah;surat7
Al Humazah_72.wav;7;Al-Humazah;surat7
Al Humazah_73.wav;7;Al-Humazah;surat7
Al Humazah_74.wav;7;Al-Humazah;surat7
Al Humazah_75.wav;7;Al-Humazah;surat7
Al Humazah_76.wav;7;Al-Humazah;surat7
Al Humazah_77.wav;7;Al-Humazah;surat7
Al Humazah_78.wav;7;Al-Humazah;surat7
Al Humazah_79.wav;7;Al-Humazah;surat7
Al Humazah_8.wav;7;Al-Humazah;surat7
Al Humazah_9.wav;7;Al-Humazah;surat7
Al-Humazah_25.wav;7;Al-Humazah;surat7
Al-Humazah_26.wav;7;Al-Humazah;surat7
Al-Humazah_27.wav;7;Al-Humazah;surat7
Al Ikhlas.wav;8;Al-Ikhlas;surat8
Al Ikhlas_1.wav;8;Al-Ikhlas;surat8
Al Ikhlas_10.wav;8;Al-Ikhlas;surat8
Al Ikhlas_11.wav;8;Al-Ikhlas;surat8
Al Ikhlas_12.wav;8;Al-Ikhlas;surat8
Al Ikhlas_13.wav;8;Al-Ikhlas;surat8
Al Ikhlas_14.wav;8;Al-Ikhlas;surat8
Al Ikhlas_15.wav;8;Al-Ikhlas;surat8
Al Ikhlas_16.wav;8;Al-Ikhlas;surat8
Al Ikhlas_17.wav;8;Al-Ikhlas;surat8
Al Ikhlas_18.wav;8;Al-Ikhlas;surat8
Al Ikhlas_19.wav;8;Al-Ikhlas;surat8
Al Ikhlas_2.wav;8;Al-Ikhlas;surat8
Al Ikhlas_20.wav;8;Al-Ikhlas;surat8
Al Ikhlas_21.wav;8;Al-Ikhlas;surat8
Al Ikhlas_22.wav;8;Al-Ikhlas;surat8
Al Ikhlas_23.wav;8;Al-Ikhlas;surat8
Al Ikhlas_24.wav;8;Al-Ikhlas;surat8
Al Ikhlas_25.wav;8;Al-Ikhlas;surat8
Al Ikhlas_26.wav;8;Al-Ikhlas;surat8
Al Ikhlas_27.wav;8;Al-Ikhlas;surat8
Al Ikhlas_28.wav;8;Al-Ikhlas;surat8
Al Ikhlas_29.wav;8;Al-Ikhlas;surat8
Al Ikhlas_3.wav;8;Al-Ikhlas;surat8
Al Ikhlas_30.wav;8;Al-Ikhlas;surat8
Al Ikhlas_31.wav;8;Al-Ikhlas;surat8
Al Ikhlas_32.wav;8;Al-Ikhlas;surat8
Al Ikhlas_33.wav;8;Al-Ikhlas;surat8
Al Ikhlas_34.wav;8;Al-Ikhlas;surat8
Al Ikhlas_35.wav;8;Al-Ikhlas;surat8
Al Ikhlas_36.wav;8;Al-Ikhlas;surat8
Al Ikhlas_37.wav;8;Al-Ikhlas;surat8
Al Ikhlas_38.wav;8;Al-Ikhlas;surat8
Al Ikhlas_39.wav;8;Al-Ikhlas;surat8
Al Ikhlas_4.wav;8;Al-Ikhlas;surat8
Al Ikhlas_40.wav;8;Al-Ikhlas;surat8
Al Ikhlas_41.wav;8;Al-Ikhlas;surat8
Al Ikhlas_42.wav;8;Al-Ikhlas;surat8
Al Ikhlas_43.wav;8;Al-Ikhlas;surat8
Al Ikhlas_44.wav;8;Al-Ikhlas;surat8
Al Ikhlas_45.wav;8;Al-Ikhlas;surat8
Al Ikhlas_46.wav;8;Al-Ikhlas;surat8
Al Ikhlas_47.wav;8;Al-Ikhlas;surat8
Al Ikhlas_48.wav;8;Al-Ikhlas;surat8
Al Ikhlas_49.wav;8;Al-Ikhlas;surat8
Al Ikhlas_5.wav;8;Al-Ikhlas;surat8
Al Ikhlas_50.wav;8;Al-Ikhlas;surat8
Al Ikhlas_51.wav;8;Al-Ikhlas;surat8
Al Ikhlas_52.wav;8;Al-Ikhlas;surat8
Al Ikhlas_53.wav;8;Al-Ikhlas;surat8
Al Ikhlas_54.wav;8;Al-Ikhlas;surat8
Al Ikhlas_55.wav;8;Al-Ikhlas;surat8
Al Ikhlas_56.wav;8;Al-Ikhlas;surat8
Al Ikhlas_57.wav;8;Al-Ikhlas;surat8
Al Ikhlas_58.wav;8;Al-Ikhlas;surat8
Al Ikhlas_59.wav;8;Al-Ikhlas;surat8
Al Ikhlas_6.wav;8;Al-Ikhlas;surat8
Al Ikhlas_60.wav;8;Al-Ikhlas;surat8
Al Ikhlas_61.wav;8;Al-Ikhlas;surat8
Al Ikhlas_62.wav;8;Al-Ikhlas;surat8
Al Ikhlas_63.wav;8;Al-Ikhlas;surat8
Al Ikhlas_64.wav;8;Al-Ikhlas;surat8
Al Ikhlas_65.wav;8;Al-Ikhlas;surat8
Al Ikhlas_66.wav;8;Al-Ikhlas;surat8
Al Ikhlas_67.wav;8;Al-Ikhlas;surat8
Al Ikhlas_68.wav;8;Al-Ikhlas;surat8
Al Ikhlas_69.wav;8;Al-Ikhlas;surat8
Al Ikhlas_7.wav;8;Al-Ikhlas;surat8
Al Ikhlas_70.wav;8;Al-Ikhlas;surat8
Al Ikhlas_71.wav;8;Al-Ikhlas;surat8
Al Ikhlas_72.wav;8;Al-Ikhlas;surat8
Al Ikhlas_73.wav;8;Al-Ikhlas;surat8
Al Ikhlas_74.wav;8;Al-Ikhlas;surat8
Al Ikhlas_8.wav;8;Al-Ikhlas;surat8
Al Ikhlas_9.wav;8;Al-Ikhlas;surat8
Al-Ikhlas_25.wav;8;Al-Ikhlas;surat8
Al-Ikhlas_26.wav;8;Al-Ikhlas;surat8
Al-Ikhlas_27.wav;8;Al-Ikhlas;surat8
Al Kafirun.wav;9;Al-Kafirun;surat9
Al Kafirun_1.wav;9;Al-Kafirun;surat9
Al Kafirun_10.wav;9;Al-Kafirun;surat9
Al Kafirun_11.wav;9;Al-Kafirun;surat9
Al Kafirun_12.wav;9;Al-Kafirun;surat9
Al Kafirun_13.wav;9;Al-Kafirun;surat9
Al Kafirun_14.wav;9;Al-Kafirun;surat9
Al Kafirun_15.wav;9;Al-Kafirun;surat9
Al Kafirun_16.wav;9;Al-Kafirun;surat9
Al Kafirun_17.wav;9;Al-Kafirun;surat9
Al Kafirun_18.wav;9;Al-Kafirun;surat9
Al Kafirun_19.wav;9;Al-Kafirun;surat9
Al Kafirun_2.wav;9;Al-Kafirun;surat9
Al Kafirun_20.wav;9;Al-Kafirun;surat9
Al Kafirun_21.wav;9;Al-Kafirun;surat9
Al Kafirun_22.wav;9;Al-Kafirun;surat9
Al Kafirun_23.wav;9;Al-Kafirun;surat9
Al Kafirun_24.wav;9;Al-Kafirun;surat9
Al Kafirun_25.wav;9;Al-Kafirun;surat9
Al Kafirun_26.wav;9;Al-Kafirun;surat9
Al Kafirun_27.wav;9;Al-Kafirun;surat9
Al Kafirun_28.wav;9;Al-Kafirun;surat9
Al Kafirun_29.wav;9;Al-Kafirun;surat9
Al Kafirun_3.wav;9;Al-Kafirun;surat9
Al Kafirun_30.wav;9;Al-Kafirun;surat9
Al Kafirun_31.wav;9;Al-Kafirun;surat9
Al Kafirun_32.wav;9;Al-Kafirun;surat9
Al Kafirun_33.wav;9;Al-Kafirun;surat9
Al Kafirun_34.wav;9;Al-Kafirun;surat9
Al Kafirun_35.wav;9;Al-Kafirun;surat9
Al Kafirun_36.wav;9;Al-Kafirun;surat9
Al Kafirun_37.wav;9;Al-Kafirun;surat9
Al Kafirun_38.wav;9;Al-Kafirun;surat9
Al Kafirun_39.wav;9;Al-Kafirun;surat9
Al Kafirun_4.wav;9;Al-Kafirun;surat9
Al Kafirun_40.wav;9;Al-Kafirun;surat9
Al Kafirun_41.wav;9;Al-Kafirun;surat9
Al Kafirun_42.wav;9;Al-Kafirun;surat9
Al Kafirun_43.wav;9;Al-Kafirun;surat9
Al Kafirun_44.wav;9;Al-Kafirun;surat9
Al Kafirun_45.wav;9;Al-Kafirun;surat9
Al Kafirun_46.wav;9;Al-Kafirun;surat9
Al Kafirun_47.wav;9;Al-Kafirun;surat9
Al Kafirun_48.wav;9;Al-Kafirun;surat9
Al Kafirun_49.wav;9;Al-Kafirun;surat9
Al Kafirun_5.wav;9;Al-Kafirun;surat9
Al Kafirun_50.wav;9;Al-Kafirun;surat9
Al Kafirun_51.wav;9;Al-Kafirun;surat9
Al Kafirun_52.wav;9;Al-Kafirun;surat9
Al Kafirun_53.wav;9;Al-Kafirun;surat9
Al Kafirun_54.wav;9;Al-Kafirun;surat9
Al Kafirun_55.wav;9;Al-Kafirun;surat9
Al Kafirun_56.wav;9;Al-Kafirun;surat9
Al Kafirun_57.wav;9;Al-Kafirun;surat9
Al Kafirun_58.wav;9;Al-Kafirun;surat9
Al Kafirun_59.wav;9;Al-Kafirun;surat9
Al Kafirun_6.wav;9;Al-Kafirun;surat9
Al Kafirun_60.wav;9;Al-Kafirun;surat9
Al Kafirun_61.wav;9;Al-Kafirun;surat9
Al Kafirun_62.wav;9;Al-Kafirun;surat9
Al Kafirun_63.wav;9;Al-Kafirun;surat9
Al Kafirun_64.wav;9;Al-Kafirun;surat9
Al Kafirun_65.wav;9;Al-Kafirun;surat9
Al Kafirun_66.wav;9;Al-Kafirun;surat9
Al Kafirun_67.wav;9;Al-Kafirun;surat9
Al Kafirun_68.wav;9;Al-Kafirun;surat9
Al Kafirun_69.wav;9;Al-Kafirun;surat9
Al Kafirun_7.wav;9;Al-Kafirun;surat9
Al Kafirun_70.wav;9;Al-Kafirun;surat9
Al Kafirun_71.wav;9;Al-Kafirun;surat9
Al Kafirun_72.wav;9;Al-Kafirun;surat9
Al Kafirun_73.wav;9;Al-Kafirun;surat9
Al Kafirun_74.wav;9;Al-Kafirun;surat9
Al Kafirun_75.wav;9;Al-Kafirun;surat9
Al Kafirun_76.wav;9;Al-Kafirun;surat9
Al Kafirun_77.wav;9;Al-Kafirun;surat9
Al Kafirun_78.wav;9;Al-Kafirun;surat9
Al Kafirun_79.wav;9;Al-Kafirun;surat9
Al Kafirun_8.wav;9;Al-Kafirun;surat9
Al Kafirun_9.wav;9;Al-Kafirun;surat9
Al-Kafirun_25.wav;9;Al-Kafirun;surat9
Al-Kafirun_26.wav;9;Al-Kafirun;surat9
Al-Kafirun_27.wav;9;Al-Kafirun;surat9
Al Kausar_19.wav;10;Al-Kautsar;surat10
Al Kausar_20.wav;10;Al-Kautsar;surat10
Al Kausar_21.wav;10;Al-Kautsar;surat10
Al Kautsar.wav;10;Al-Kautsar;surat10
Al Kautsar_1.wav;10;Al-Kautsar;surat10
Al Kautsar_10.wav;10;Al-Kautsar;surat10
Al Kautsar_11.wav;10;Al-Kautsar;surat10
Al Kautsar_12.wav;10;Al-Kautsar;surat10
Al Kautsar_13.wav;10;Al-Kautsar;surat10
Al Kautsar_14.wav;10;Al-Kautsar;surat10
Al Kautsar_15.wav;10;Al-Kautsar;surat10
Al Kautsar_16.wav;10;Al-Kautsar;surat10
Al Kautsar_17.wav;10;Al-Kautsar;surat10
Al Kautsar_18.wav;10;Al-Kautsar;surat10
Al Kautsar_19.wav;10;Al-Kautsar;surat10
Al Kautsar_2.wav;10;Al-Kautsar;surat10
Al Kautsar_20.wav;10;Al-Kautsar;surat10
Al Kautsar_21.wav;10;Al-Kautsar;surat10
Al Kautsar_22.wav;10;Al-Kautsar;surat10
Al Kautsar_23.wav;10;Al-Kautsar;surat10
Al Kautsar_24.wav;10;Al-Kautsar;surat10
Al Kautsar_25.wav;10;Al-Kautsar;surat10
Al Kautsar_26.wav;10;Al-Kautsar;surat10
Al Kautsar_27.wav;10;Al-Kautsar;surat10
Al Kautsar_28.wav;10;Al-Kautsar;surat10
Al Kautsar_29.wav;10;Al-Kautsar;surat10
Al Kautsar_3.wav;10;Al-Kautsar;surat10
Al Kautsar_30.wav;10;Al-Kautsar;surat10
Al Kautsar_31.wav;10;Al-Kautsar;surat10
Al Kautsar_32.wav;10;Al-Kautsar;surat10
Al Kautsar_33.wav;10;Al-Kautsar;surat10
Al Kautsar_34.wav;10;Al-Kautsar;surat10
Al Kautsar_35.wav;10;Al-Kautsar;surat10
Al Kautsar_36.wav;10;Al-Kautsar;surat10
Al Kautsar_37.wav;10;Al-Kautsar;surat10
Al Kautsar_38.wav;10;Al-Kautsar;surat10
Al Kautsar_39.wav;10;Al-Kautsar;surat10
Al Kautsar_4.wav;10;Al-Kautsar;surat10
Al Kautsar_40.wav;10;Al-Kautsar;surat10
Al Kautsar_41.wav;10;Al-Kautsar;surat10
Al Kautsar_42.wav;10;Al-Kautsar;surat10
Al Kautsar_43.wav;10;Al-Kautsar;surat10
Al Kautsar_44.wav;10;Al-Kautsar;surat10
Al Kautsar_45.wav;10;Al-Kautsar;surat10
Al Kautsar_46.wav;10;Al-Kautsar;surat10
Al Kautsar_47.wav;10;Al-Kautsar;surat10
Al Kautsar_48.wav;10;Al-Kautsar;surat10
Al Kautsar_49.wav;10;Al-Kautsar;surat10
Al Kautsar_5.wav;10;Al-Kautsar;surat10
Al Kautsar_50.wav;10;Al-Kautsar;surat10
Al Kautsar_51.wav;10;Al-Kautsar;surat10
Al Kautsar_52.wav;10;Al-Kautsar;surat10
Al Kautsar_53.wav;10;Al-Kautsar;surat10
Al Kautsar_54.wav;10;Al-Kautsar;surat10
Al Kautsar_55.wav;10;Al-Kautsar;surat10
Al Kautsar_56.wav;10;Al-Kautsar;surat10
Al Kautsar_57.wav;10;Al-Kautsar;surat10
Al Kautsar_58.wav;10;Al-Kautsar;surat10
Al Kautsar_59.wav;10;Al-Kautsar;surat10
Al Kautsar_6.wav;10;Al-Kautsar;surat10
Al Kautsar_60.wav;10;Al-Kautsar;surat10
Al Kautsar_61.wav;10;Al-Kautsar;surat10
Al Kautsar_62.wav;10;Al-Kautsar;surat10
Al Kautsar_63.wav;10;Al-Kautsar;surat10
Al Kautsar_64.wav;10;Al-Kautsar;surat10
Al Kautsar_65.wav;10;Al-Kautsar;surat10
Al Kautsar_66.wav;10;Al-Kautsar;surat10
Al Kautsar_67.wav;10;Al-Kautsar;surat10
Al Kautsar_68.wav;10;Al-Kautsar;surat10
Al Kautsar_69.wav;10;Al-Kautsar;surat10
Al Kautsar_7.wav;10;Al-Kautsar;surat10
Al Kautsar_70.wav;10;Al-Kautsar;surat10
Al Kautsar_71.wav;10;Al-Kautsar;surat10
Al Kautsar_72.wav;10;Al-Kautsar;surat10
Al Kautsar_73.wav;10;Al-Kautsar;surat10
Al Kautsar_74.wav;10;Al-Kautsar;surat10
Al Kautsar_75.wav;10;Al-Kautsar;surat10
Al Kautsar_76.wav;10;Al-Kautsar;surat10
Al Kautsar_77.wav;10;Al-Kautsar;surat10
Al Kautsar_78.wav;10;Al-Kautsar;surat10
Al Kautsar_79.wav;10;Al-Kautsar;surat10
Al Kautsar_8.wav;10;Al-Kautsar;surat10
Al Kautsar_9.wav;10;Al-Kautsar;surat10
Al-Kautsar_25.wav;10;Al-Kautsar;surat10
Al-Kautsar_26.wav;10;Al-Kautsar;surat10
Al-Kautsar_27.wav;10;Al-Kautsar;surat10
Al Lahab.wav;11;Al-Lahab;surat11
Al Lahab_1.wav;11;Al-Lahab;surat11
Al Lahab_10.wav;11;Al-Lahab;surat11
Al Lahab_11.wav;11;Al-Lahab;surat11
Al Lahab_12.wav;11;Al-Lahab;surat11
Al Lahab_13.wav;11;Al-Lahab;surat11
Al Lahab_14.wav;11;Al-Lahab;surat11
Al Lahab_15.wav;11;Al-Lahab;surat11
Al Lahab_16.wav;11;Al-Lahab;surat11
Al Lahab_17.wav;11;Al-Lahab;surat11
Al Lahab_18.wav;11;Al-Lahab;surat11
Al Lahab_19.wav;11;Al-Lahab;surat11
Al Lahab_2.wav;11;Al-Lahab;surat11
Al Lahab_20.wav;11;Al-Lahab;surat11
Al Lahab_21.wav;11;Al-Lahab;surat11
Al Lahab_22.wav;11;Al-Lahab;surat11
Al Lahab_23.wav;11;Al-Lahab;surat11
Al Lahab_24.wav;11;Al-Lahab;surat11
Al Lahab_25.wav;11;Al-Lahab;surat11
Al Lahab_26.wav;11;Al-Lahab;surat11
Al Lahab_27.wav;11;Al-Lahab;surat11
Al Lahab_28.wav;11;Al-Lahab;surat11
Al Lahab_29.wav;11;Al-Lahab;surat11
Al Lahab_3.wav;11;Al-Lahab;surat11
Al Lahab_30.wav;11;Al-Lahab;surat11
Al Lahab_31.wav;11;Al-Lahab;surat11
Al Lahab_32.wav;11;Al-Lahab;surat11
Al Lahab_33.wav;11;Al-Lahab;surat11
Al Lahab_34.wav;11;Al-Lahab;surat11
Al Lahab_35.wav;11;Al-Lahab;surat11
Al Lahab_36.wav;11;Al-Lahab;surat11
Al Lahab_37.wav;11;Al-Lahab;surat11
Al Lahab_38.wav;11;Al-Lahab;surat11
Al Lahab_39.wav;11;Al-Lahab;surat11
Al Lahab_4.wav;11;Al-Lahab;surat11
Al Lahab_40.wav;11;Al-Lahab;surat11
Al Lahab_41.wav;11;Al-Lahab;surat11
Al Lahab_42.wav;11;Al-Lahab;surat11
Al Lahab_43.wav;11;Al-Lahab;surat11
Al Lahab_44.wav;11;Al-Lahab;surat11
Al Lahab_45.wav;11;Al-Lahab;surat11
Al Lahab_46.wav;11;Al-Lahab;surat11
Al Lahab_47.wav;11;Al-Lahab;surat11
Al Lahab_48.wav;11;Al-Lahab;surat11
Al Lahab_49.wav;11;Al-Lahab;surat11
Al Lahab_5.wav;11;Al-Lahab;surat11
Al Lahab_50.wav;11;Al-Lahab;surat11
Al Lahab_51.wav;11;Al-Lahab;surat11
Al Lahab_52.wav;11;Al-Lahab;surat11
Al Lahab_53.wav;11;Al-Lahab;surat11
Al Lahab_54.wav;11;Al-Lahab;surat11
Al Lahab_55.wav;11;Al-Lahab;surat11
Al Lahab_56.wav;11;Al-Lahab;surat11
Al Lahab_57.wav;11;Al-Lahab;surat11
Al Lahab_58.wav;11;Al-Lahab;surat11
Al Lahab_59.wav;11;Al-Lahab;surat11
Al Lahab_6.wav;11;Al-Lahab;surat11
Al Lahab_60.wav;11;Al-Lahab;surat11
Al Lahab_61.wav;11;Al-Lahab;surat11
Al Lahab_62.wav;11;Al-Lahab;surat11
Al Lahab_63.wav;11;Al-Lahab;surat11
Al Lahab_64.wav;11;Al-Lahab;surat11
Al Lahab_65.wav;11;Al-Lahab;surat11
Al Lahab_66.wav;11;Al-Lahab;surat11
Al Lahab_67.wav;11;Al-Lahab;surat11
Al Lahab_68.wav;11;Al-Lahab;surat11
Al Lahab_69.wav;11;Al-Lahab;surat11
Al Lahab_7.wav;11;Al-Lahab;surat11
Al Lahab_70.wav;11;Al-Lahab;surat11
Al Lahab_71.wav;11;Al-Lahab;surat11
Al Lahab_72.wav;11;Al-Lahab;surat11
Al Lahab_73.wav;11;Al-Lahab;surat11
Al Lahab_74.wav;11;Al-Lahab;surat11
Al Lahab_8.wav;11;Al-Lahab;surat11
Al Lahab_9.wav;11;Al-Lahab;surat11
Al-Lahab_25.wav;11;Al-Lahab;surat11
Al-Lahab_26.wav;11;Al-Lahab;surat11
Al-Lahab_27.wav;11;Al-Lahab;surat11
Al Maun.wav;12;Al-Maun;surat12
Al Maun_1.wav;12;Al-Maun;surat12
Al Maun_10.wav;12;Al-Maun;surat12
Al Maun_11.wav;12;Al-Maun;surat12
Al Maun_12.wav;12;Al-Maun;surat12
Al Maun_13.wav;12;Al-Maun;surat12
Al Maun_14.wav;12;Al-Maun;surat12
Al Maun_15.wav;12;Al-Maun;surat12
Al Maun_16.wav;12;Al-Maun;surat12
Al Maun_17.wav;12;Al-Maun;surat12
Al Maun_18.wav;12;Al-Maun;surat12
Al Maun_19.wav;12;Al-Maun;surat12
Al Maun_2.wav;12;Al-Maun;surat12
Al Maun_20.wav;12;Al-Maun;surat12
Al Maun_21.wav;12;Al-Maun;surat12
Al Maun_22.wav;12;Al-Maun;surat12
Al Maun_23.wav;12;Al-Maun;surat12
Al Maun_24.wav;12;Al-Maun;surat12
Al Maun_25.wav;12;Al-Maun;surat12
Al Maun_26.wav;12;Al-Maun;surat12
Al Maun_27.wav;12;Al-Maun;surat12
Al Maun_28.wav;12;Al-Maun;surat12
Al Maun_29.wav;12;Al-Maun;surat12
Al Maun_3.wav;12;Al-Maun;surat12
Al Maun_30.wav;12;Al-Maun;surat12
Al Maun_31.wav;12;Al-Maun;surat12
Al Maun_32.wav;12;Al-Maun;surat12
Al Maun_33.wav;12;Al-Maun;surat12
Al Maun_34.wav;12;Al-Maun;surat12
Al Maun_35.wav;12;Al-Maun;surat12
Al Maun_36.wav;12;Al-Maun;surat12
Al Maun_37.wav;12;Al-Maun;surat12
Al Maun_38.wav;12;Al-Maun;surat12
Al Maun_39.wav;12;Al-Maun;surat12
Al Maun_4.wav;12;Al-Maun;surat12
Al Maun_40.wav;12;Al-Maun;surat12
Al Maun_41.wav;12;Al-Maun;surat12
Al Maun_42.wav;12;Al-Maun;surat12
Al Maun_43.wav;12;Al-Maun;surat12
Al Maun_44.wav;12;Al-Maun;surat12
Al Maun_45.wav;12;Al-Maun;surat12
Al Maun_46.wav;12;Al-Maun;surat12
Al Maun_47.wav;12;Al-Maun;surat12
Al Maun_48.wav;12;Al-Maun;surat12
Al Maun_49.wav;12;Al-Maun;surat12
Al Maun_5.wav;12;Al-Maun;surat12
Al Maun_50.wav;12;Al-Maun;surat12
Al Maun_51.wav;12;Al-Maun;surat12
Al Maun_52.wav;12;Al-Maun;surat12
Al Maun_53.wav;12;Al-Maun;surat12
Al Maun_54.wav;12;Al-Maun;surat12
Al Maun_55.wav;12;Al-Maun;surat12
Al Maun_56.wav;12;Al-Maun;surat12
Al Maun_57.wav;12;Al-Maun;surat12
Al Maun_58.wav;12;Al-Maun;surat12
Al Maun_59.wav;12;Al-Maun;surat12
Al Maun_6.wav;12;Al-Maun;surat12
Al Maun_60.wav;12;Al-Maun;surat12
Al Maun_61.wav;12;Al-Maun;surat12
Al Maun_62.wav;12;Al-Maun;surat12
Al Maun_63.wav;12;Al-Maun;surat12
Al Maun_64.wav;12;Al-Maun;surat12
Al Maun_65.wav;12;Al-Maun;surat12
Al Maun_66.wav;12;Al-Maun;surat12
Al Maun_67.wav;12;Al-Maun;surat12
Al Maun_68.wav;12;Al-Maun;surat12
Al Maun_69.wav;12;Al-Maun;surat12
Al Maun_7.wav;12;Al-Maun;surat12
Al Maun_70.wav;12;Al-Maun;surat12
Al Maun_71.wav;12;Al-Maun;surat12
Al Maun_72.wav;12;Al-Maun;surat12
Al Maun_73.wav;12;Al-Maun;surat12
Al Maun_74.wav;12;Al-Maun;surat12
Al Maun_75.wav;12;Al-Maun;surat12
Al Maun_76.wav;12;Al-Maun;surat12
Al Maun_77.wav;12;Al-Maun;surat12
Al Maun_78.wav;12;Al-Maun;surat12
Al Maun_79.wav;12;Al-Maun;surat12
Al Maun_8.wav;12;Al-Maun;surat12
Al Maun_9.wav;12;Al-Maun;surat12
Al-Ma_un_25.wav;12;Al-Maun;surat12
Al-Ma_un_26.wav;12;Al-Maun;surat12
Al-Ma_un_27.wav;12;Al-Maun;surat12
Al Qariah.wav;13;Al-Qoriah;surat13
Al Qariah_1.wav;13;Al-Qoriah;surat13
Al Qariah_10.wav;13;Al-Qoriah;surat13
Al Qariah_11.wav;13;Al-Qoriah;surat13
Al Qariah_12.wav;13;Al-Qoriah;surat13
Al Qariah_13.wav;13;Al-Qoriah;surat13
Al Qariah_14.wav;13;Al-Qoriah;surat13
Al Qariah_15.wav;13;Al-Qoriah;surat13
Al Qariah_16.wav;13;Al-Qoriah;surat13
Al Qariah_17.wav;13;Al-Qoriah;surat13
Al Qariah_18.wav;13;Al-Qoriah;surat13
Al Qariah_19.wav;13;Al-Qoriah;surat13
Al Qariah_2.wav;13;Al-Qoriah;surat13
Al Qariah_20.wav;13;Al-Qoriah;surat13
Al Qariah_21.wav;13;Al-Qoriah;surat13
Al Qariah_22.wav;13;Al-Qoriah;surat13
Al Qariah_23.wav;13;Al-Qoriah;surat13
Al Qariah_24.wav;13;Al-Qoriah;surat13
Al Qariah_25.wav;13;Al-Qoriah;surat13
Al Qariah_26.wav;13;Al-Qoriah;surat13
Al Qariah_27.wav;13;Al-Qoriah;surat13
Al Qariah_28.wav;13;Al-Qoriah;surat13
Al Qariah_29.wav;13;Al-Qoriah;surat13
Al Qariah_3.wav;13;Al-Qoriah;surat13
Al Qariah_30.wav;13;Al-Qoriah;surat13
Al Qariah_31.wav;13;Al-Qoriah;surat13
Al Qariah_32.wav;13;Al-Qoriah;surat13
Al Qariah_33.wav;13;Al-Qoriah;surat13
Al Qariah_34.wav;13;Al-Qoriah;surat13
Al Qariah_35.wav;13;Al-Qoriah;surat13
Al Qariah_36.wav;13;Al-Qoriah;surat13
Al Qariah_37.wav;13;Al-Qoriah;surat13
Al Qariah_38.wav;13;Al-Qoriah;surat13
Al Qariah_39.wav;13;Al-Qoriah;surat13
Al Qariah_4.wav;13;Al-Qoriah;surat13
Al Qariah_40.wav;13;Al-Qoriah;surat13
Al Qariah_41.wav;13;Al-Qoriah;surat13
Al Qariah_42.wav;13;Al-Qoriah;surat13
Al Qariah_43.wav;13;Al-Qoriah;surat13
Al Qariah_44.wav;13;Al-Qoriah;surat13
Al Qariah_45.wav;13;Al-Qoriah;surat13
Al Qariah_46.wav;13;Al-Qoriah;surat13
Al Qariah_47.wav;13;Al-Qoriah;surat13
Al Qariah_48.wav;13;Al-Qoriah;surat13
Al Qariah_49.wav;13;Al-Qoriah;surat13
Al Qariah_5.wav;13;Al-Qoriah;surat13
Al Qariah_50.wav;13;Al-Qoriah;surat13
Al Qariah_51.wav;13;Al-Qoriah;surat13
Al Qariah_52.wav;13;Al-Qoriah;surat13
Al Qariah_53.wav;13;Al-Qoriah;surat13
Al Qariah_54.wav;13;Al-Qoriah;surat13
Al Qariah_55.wav;13;Al-Qoriah;surat13
Al Qariah_56.wav;13;Al-Qoriah;surat13
Al Qariah_57.wav;13;Al-Qoriah;surat13
Al Qariah_58.wav;13;Al-Qoriah;surat13
Al Qariah_59.wav;13;Al-Qoriah;surat13
Al Qariah_6.wav;13;Al-Qoriah;surat13
Al Qariah_60.wav;13;Al-Qoriah;surat13
Al Qariah_61.wav;13;Al-Qoriah;surat13
Al Qariah_62.wav;13;Al-Qoriah;surat13
Al Qariah_63.wav;13;Al-Qoriah;surat13
Al Qariah_64.wav;13;Al-Qoriah;surat13
Al Qariah_65.wav;13;Al-Qoriah;surat13
Al Qariah_66.wav;13;Al-Qoriah;surat13
Al Qariah_67.wav;13;Al-Qoriah;surat13
Al Qariah_68.wav;13;Al-Qoriah;surat13
Al Qariah_69.wav;13;Al-Qoriah;surat13
Al Qariah_7.wav;13;Al-Qoriah;surat13
Al Qariah_70.wav;13;Al-Qoriah;surat13
Al Qariah_71.wav;13;Al-Qoriah;surat13
Al Qariah_72.wav;13;Al-Qoriah;surat13
Al Qariah_73.wav;13;Al-Qoriah;surat13
Al Qariah_74.wav;13;Al-Qoriah;surat13
Al Qariah_75.wav;13;Al-Qoriah;surat13
Al Qariah_76.wav;13;Al-Qoriah;surat13
Al Qariah_77.wav;13;Al-Qoriah;surat13
Al Qariah_78.wav;13;Al-Qoriah;surat13
Al Qariah_79.wav;13;Al-Qoriah;surat13
Al Qariah_8.wav;13;Al-Qoriah;surat13
Al Qariah_9.wav;13;Al-Qoriah;surat13
Al-Qoriah_25.wav;13;Al-Qoriah;surat13
Al-Qoriah_26.wav;13;Al-Qoriah;surat13
Al-Qoriah_27.wav;13;Al-Qoriah;surat13
An Nas.wav;14;An-Nas;surat14
An Nas_1.wav;14;An-Nas;surat14
An Nas_10.wav;14;An-Nas;surat14
An Nas_11.wav;14;An-Nas;surat14
An Nas_12.wav;14;An-Nas;surat14
An Nas_13.wav;14;An-Nas;surat14
An Nas_14.wav;14;An-Nas;surat14
An Nas_15.wav;14;An-Nas;surat14
An Nas_16.wav;14;An-Nas;surat14
An Nas_17.wav;14;An-Nas;surat14
An Nas_18.wav;14;An-Nas;surat14
An Nas_19.wav;14;An-Nas;surat14
An Nas_2.wav;14;An-Nas;surat14
An Nas_20.wav;14;An-Nas;surat14
An Nas_21.wav;14;An-Nas;surat14
An Nas_22.wav;14;An-Nas;surat14
An Nas_23.wav;14;An-Nas;surat14
An Nas_24.wav;14;An-Nas;surat14
An Nas_25.wav;14;An-Nas;surat14
An Nas_26.wav;14;An-Nas;surat14
An Nas_27.wav;14;An-Nas;surat14
An Nas_28.wav;14;An-Nas;surat14
An Nas_29.wav;14;An-Nas;surat14
An Nas_3.wav;14;An-Nas;surat14
An Nas_30.wav;14;An-Nas;surat14
An Nas_31.wav;14;An-Nas;surat14
An Nas_32.wav;14;An-Nas;surat14
An Nas_33.wav;14;An-Nas;surat14
An Nas_34.wav;14;An-Nas;surat14
An Nas_35.wav;14;An-Nas;surat14
An Nas_36.wav;14;An-Nas;surat14
An Nas_37.wav;14;An-Nas;surat14
An Nas_38.wav;14;An-Nas;surat14
An Nas_39.wav;14;An-Nas;surat14
An Nas_4.wav;14;An-Nas;surat14
An Nas_40.wav;14;An-Nas;surat14
An Nas_41.wav;14;An-Nas;surat14
An Nas_42.wav;14;An-Nas;surat14
An Nas_43.wav;14;An-Nas;surat14
An Nas_44.wav;14;An-Nas;surat14
An Nas_45.wav;14;An-Nas;surat14
An Nas_46.wav;14;An-Nas;surat14
An Nas_47.wav;14;An-Nas;surat14
An Nas_48.wav;14;An-Nas;surat14
An Nas_49.wav;14;An-Nas;surat14
An Nas_5.wav;14;An-Nas;surat14
An Nas_50.wav;14;An-Nas;surat14
An Nas_51.wav;14;An-Nas;surat14
An Nas_52.wav;14;An-Nas;surat14
An Nas_53.wav;14;An-Nas;surat14
An Nas_54.wav;14;An-Nas;surat14
An Nas_55.wav;14;An-Nas;surat14
An Nas_56.wav;14;An-Nas;surat14
An Nas_57.wav;14;An-Nas;surat14
An Nas_58.wav;14;An-Nas;surat14
An Nas_59.wav;14;An-Nas;surat14
An Nas_6.wav;14;An-Nas;surat14
An Nas_60.wav;14;An-Nas;surat14
An Nas_61.wav;14;An-Nas;surat14
An Nas_62.wav;14;An-Nas;surat14
An Nas_63.wav;14;An-Nas;surat14
An Nas_64.wav;14;An-Nas;surat14
An Nas_65.wav;14;An-Nas;surat14
An Nas_66.wav;14;An-Nas;surat14
An Nas_67.wav;14;An-Nas;surat14
An Nas_68.wav;14;An-Nas;surat14
An Nas_69.wav;14;An-Nas;surat14
An Nas_7.wav;14;An-Nas;surat14
An Nas_70.wav;14;An-Nas;surat14
An Nas_71.wav;14;An-Nas;surat14
An Nas_72.wav;14;An-Nas;surat14
An Nas_73.wav;14;An-Nas;surat14
An Nas_74.wav;14;An-Nas;surat14
An Nas_8.wav;14;An-Nas;surat14
An Nas_9.wav;14;An-Nas;surat14
An-Nas_25.wav;14;An-Nas;surat14
An-Nas_26.wav;14;An-Nas;surat14
An-Nas_27.wav;14;An-Nas;surat14
An Nasr.wav;15;An-Nasr;surat15
An Nasr_1.wav;15;An-Nasr;surat15
An Nasr_10.wav;15;An-Nasr;surat15
An Nasr_11.wav;15;An-Nasr;surat15
An Nasr_12.wav;15;An-Nasr;surat15
An Nasr_13.wav;15;An-Nasr;surat15
An Nasr_14.wav;15;An-Nasr;surat15
An Nasr_15.wav;15;An-Nasr;surat15
An Nasr_16.wav;15;An-Nasr;surat15
An Nasr_17.wav;15;An-Nasr;surat15
An Nasr_18.wav;15;An-Nasr;surat15
An Nasr_19.wav;15;An-Nasr;surat15
An Nasr_2.wav;15;An-Nasr;surat15
An Nasr_20.wav;15;An-Nasr;surat15
An Nasr_21.wav;15;An-Nasr;surat15
An Nasr_22.wav;15;An-Nasr;surat15
An Nasr_23.wav;15;An-Nasr;surat15
An Nasr_24.wav;15;An-Nasr;surat15
An Nasr_25.wav;15;An-Nasr;surat15
An Nasr_26.wav;15;An-Nasr;surat15
An Nasr_27.wav;15;An-Nasr;surat15
An Nasr_28.wav;15;An-Nasr;surat15
An Nasr_29.wav;15;An-Nasr;surat15
An Nasr_3.wav;15;An-Nasr;surat15
An Nasr_30.wav;15;An-Nasr;surat15
An Nasr_31.wav;15;An-Nasr;surat15
An Nasr_32.wav;15;An-Nasr;surat15
An Nasr_33.wav;15;An-Nasr;surat15
An Nasr_34.wav;15;An-Nasr;surat15
An Nasr_35.wav;15;An-Nasr;surat15
An Nasr_36.wav;15;An-Nasr;surat15
An Nasr_37.wav;15;An-Nasr;surat15
An Nasr_38.wav;15;An-Nasr;surat15
An Nasr_39.wav;15;An-Nasr;surat15
An Nasr_4.wav;15;An-Nasr;surat15
An Nasr_40.wav;15;An-Nasr;surat15
An Nasr_41.wav;15;An-Nasr;surat15
An Nasr_42.wav;15;An-Nasr;surat15
An Nasr_43.wav;15;An-Nasr;surat15
An Nasr_44.wav;15;An-Nasr;surat15
An Nasr_45.wav;15;An-Nasr;surat15
An Nasr_46.wav;15;An-Nasr;surat15
An Nasr_47.wav;15;An-Nasr;surat15
An Nasr_48.wav;15;An-Nasr;surat15
An Nasr_49.wav;15;An-Nasr;surat15
An Nasr_5.wav;15;An-Nasr;surat15
An Nasr_50.wav;15;An-Nasr;surat15
An Nasr_51.wav;15;An-Nasr;surat15
An Nasr_52.wav;15;An-Nasr;surat15
An Nasr_53.wav;15;An-Nasr;surat15
An Nasr_54.wav;15;An-Nasr;surat15
An Nasr_55.wav;15;An-Nasr;surat15
An Nasr_56.wav;15;An-Nasr;surat15
An Nasr_57.wav;15;An-Nasr;surat15
An Nasr_58.wav;15;An-Nasr;surat15
An Nasr_59.wav;15;An-Nasr;surat15
An Nasr_6.wav;15;An-Nasr;surat15
An Nasr_60.wav;15;An-Nasr;surat15
An Nasr_61.wav;15;An-Nasr;surat15
An Nasr_62.wav;15;An-Nasr;surat15
An Nasr_63.wav;15;An-Nasr;surat15
An Nasr_64.wav;15;An-Nasr;surat15
An Nasr_65.wav;15;An-Nasr;surat15
An Nasr_66.wav;15;An-Nasr;surat15
An Nasr_67.wav;15;An-Nasr;surat15
An Nasr_68.wav;15;An-Nasr;surat15
An Nasr_69.wav;15;An-Nasr;surat15
An Nasr_7.wav;15;An-Nasr;surat15
An Nasr_70.wav;15;An-Nasr;surat15
An Nasr_71.wav;15;An-Nasr;surat15
An Nasr_72.wav;15;An-Nasr;surat15
An Nasr_73.wav;15;An-Nasr;surat15
An Nasr_74.wav;15;An-Nasr;surat15
An Nasr_75.wav;15;An-Nasr;surat15
An Nasr_76.wav;15;An-Nasr;surat15
An Nasr_77.wav;15;An-Nasr;surat15
An Nasr_78.wav;15;An-Nasr;surat15
An Nasr_79.wav;15;An-Nasr;surat15
An Nasr_8.wav;15;An-Nasr;surat15
An Nasr_9.wav;15;An-Nasr;surat15
An-Nasr_25.wav;15;An-Nasr;surat15
An-Nasr_26.wav;15;An-Nasr;surat15
An-Nasr_27.wav;15;An-Nasr;surat15
At Takasur_19.wav;16;At-Takatsur;surat16
At Takasur_20.wav;16;At-Takatsur;surat16
At Takasur_21.wav;16;At-Takatsur;surat16
At Takatsur.wav;16;At-Takatsur;surat16
At Takatsur_1.wav;16;At-Takatsur;surat16
At Takatsur_10.wav;16;At-Takatsur;surat16
At Takatsur_11.wav;16;At-Takatsur;surat16
At Takatsur_12.wav;16;At-Takatsur;surat16
At Takatsur_13.wav;16;At-Takatsur;surat16
At Takatsur_14.wav;16;At-Takatsur;surat16
At Takatsur_15.wav;16;At-Takatsur;surat16
At takatsur_16.wav;16;At-Takatsur;surat16
At Takatsur_17.wav;16;At-Takatsur;surat16
At Takatsur_18.wav;16;At-Takatsur;surat16
At Takatsur_19.wav;16;At-Takatsur;surat16
At Takatsur_2.wav;16;At-Takatsur;surat16
At Takatsur_20.wav;16;At-Takatsur;surat16
At Takatsur_21.wav;16;At-Takatsur;surat16
At Takatsur_22.wav;16;At-Takatsur;surat16
At Takatsur_23.wav;16;At-Takatsur;surat16
At Takatsur_24.wav;16;At-Takatsur;surat16
At Takatsur_25.wav;16;At-Takatsur;surat16
At Takatsur_26.wav;16;At-Takatsur;surat16
At Takatsur_27.wav;16;At-Takatsur;surat16
At Takatsur_28.wav;16;At-Takatsur;surat16
At Takatsur_29.wav;16;At-Takatsur;surat16
At Takatsur_3.wav;16;At-Takatsur;surat16
At Takatsur_30.wav;16;At-Takatsur;surat16
At Takatsur_31.wav;16;At-Takatsur;surat16
At Takatsur_32.wav;16;At-Takatsur;surat16
At Takatsur_33.wav;16;At-Takatsur;surat16
At Takatsur_34.wav;16;At-Takatsur;surat16
At Takatsur_35.wav;16;At-Takatsur;surat16
At Takatsur_36.wav;16;At-Takatsur;surat16
At Takatsur_37.wav;16;At-Takatsur;surat16
At Takatsur_38.wav;16;At-Takatsur;surat16
At Takatsur_39.wav;16;At-Takatsur;surat16
At Takatsur_4.wav;16;At-Takatsur;surat16
At Takatsur_40.wav;16;At-Takatsur;surat16
At Takatsur_41.wav;16;At-Takatsur;surat16
At Takatsur_42.wav;16;At-Takatsur;surat16
At Takatsur_43.wav;16;At-Takatsur;surat16
At Takatsur_44.wav;16;At-Takatsur;surat16
At Takatsur_45.wav;16;At-Takatsur;surat16
At Takatsur_46.wav;16;At-Takatsur;surat16
At Takatsur_47.wav;16;At-Takatsur;surat16
At Takatsur_48.wav;16;At-Takatsur;surat16
At Takatsur_49.wav;16;At-Takatsur;surat16
At Takatsur_5.wav;16;At-Takatsur;surat16
At Takatsur_50.wav;16;At-Takatsur;surat16
At Takatsur_51.wav;16;At-Takatsur;surat16
At Takatsur_52.wav;16;At-Takatsur;surat16
At Takatsur_53.wav;16;At-Takatsur;surat16
At Takatsur_54.wav;16;At-Takatsur;surat16
At takatsur_55.wav;16;At-Takatsur;surat16
At takatsur_56.wav;16;At-Takatsur;surat16
At takatsur_57.wav;16;At-Takatsur;surat16
At takatsur_58.wav;16;At-Takatsur;surat16
At takatsur_59.wav;16;At-Takatsur;surat16
At Takatsur_6.wav;16;At-Takatsur;surat16
At Takatsur_60.wav;16;At-Takatsur;surat16
At Takatsur_61.wav;16;At-Takatsur;surat16
At Takatsur_62.wav;16;At-Takatsur;surat16
At Takatsur_63.wav;16;At-Takatsur;surat16
At Takatsur_64.wav;16;At-Takatsur;surat16
At Takatsur_65.wav;16;At-Takatsur;surat16
At Takatsur_66.wav;16;At-Takatsur;surat16
At Takatsur_67.wav;16;At-Takatsur;surat16
At Takatsur_68.wav;16;At-Takatsur;surat16
At Takatsur_69.wav;16;At-Takatsur;surat16
At Takatsur_7.wav;16;At-Takatsur;surat16
At Takatsur_70.wav;16;At-Takatsur;surat16
At Takatsur_71.wav;16;At-Takatsur;surat16
At Takatsur_72.wav;16;At-Takatsur;surat16
At Takatsur_73.wav;16;At-Takatsur;surat16
At Takatsur_74.wav;16;At-Takatsur;surat16
At Takatsur_75.wav;16;At-Takatsur;surat16
At Takatsur_76.wav;16;At-Takatsur;surat16
At Takatsur_77.wav;16;At-Takatsur;surat16
At Takatsur_78.wav;16;At-Takatsur;surat16
At Takatsur_79.wav;16;At-Takatsur;surat16
At Takatsur_8.wav;16;At-Takatsur;surat16
At Takatsur_9.wav;16;At-Takatsur;surat16
At-Takasur_25.wav;16;At-Takatsur;surat16
At-Takasur_26.wav;16;At-Takatsur;surat16
At-Takasur_27.wav;16;At-Takatsur;surat16
Al Zalzalah.wav;17;Az-Zalzalah;surat17
Al Zalzalah_1.wav;17;Az-Zalzalah;surat17
Al Zalzalah_10.wav;17;Az-Zalzalah;surat17
Al Zalzalah_11.wav;17;Az-Zalzalah;surat17
Al Zalzalah_12.wav;17;Az-Zalzalah;surat17
Al Zalzalah_13.wav;17;Az-Zalzalah;surat17
Al Zalzalah_14.wav;17;Az-Zalzalah;surat17
Al Zalzalah_15.wav;17;Az-Zalzalah;surat17
Al Zalzalah_16.wav;17;Az-Zalzalah;surat17
Al Zalzalah_17.wav;17;Az-Zalzalah;surat17
Al Zalzalah_18.wav;17;Az-Zalzalah;surat17
Al Zalzalah_19.wav;17;Az-Zalzalah;surat17
Al Zalzalah_2.wav;17;Az-Zalzalah;surat17
Al Zalzalah_20.wav;17;Az-Zalzalah;surat17
Al Zalzalah_21.wav;17;Az-Zalzalah;surat17
Al Zalzalah_22.wav;17;Az-Zalzalah;surat17
Al Zalzalah_23.wav;17;Az-Zalzalah;surat17
Al Zalzalah_24.wav;17;Az-Zalzalah;surat17
Al Zalzalah_25.wav;17;Az-Zalzalah;surat17
Al Zalzalah_26.wav;17;Az-Zalzalah;surat17
Al Zalzalah_27.wav;17;Az-Zalzalah;surat17
Al Zalzalah_28.wav;17;Az-Zalzalah;surat17
Al Zalzalah_29.wav;17;Az-Zalzalah;surat17
Al Zalzalah_3.wav;17;Az-Zalzalah;surat17
Al Zalzalah_30.wav;17;Az-Zalzalah;surat17
Al Zalzalah_31.wav;17;Az-Zalzalah;surat17
Al Zalzalah_32.wav;17;Az-Zalzalah;surat17
Al Zalzalah_33.wav;17;Az-Zalzalah;surat17
Al Zalzalah_34.wav;17;Az-Zalzalah;surat17
Al Zalzalah_35.wav;17;Az-Zalzalah;surat17
Al Zalzalah_36.wav;17;Az-Zalzalah;surat17
Al Zalzalah_37.wav;17;Az-Zalzalah;surat17
Al Zalzalah_38.wav;17;Az-Zalzalah;surat17
Al Zalzalah_39.wav;17;Az-Zalzalah;surat17
Al Zalzalah_4.wav;17;Az-Zalzalah;surat17
Al Zalzalah_40.wav;17;Az-Zalzalah;surat17
Al Zalzalah_41.wav;17;Az-Zalzalah;surat17
Al Zalzalah_42.wav;17;Az-Zalzalah;surat17
Al Zalzalah_43.wav;17;Az-Zalzalah;surat17
Al Zalzalah_44.wav;17;Az-Zalzalah;surat17
Al Zalzalah_45.wav;17;Az-Zalzalah;surat17
Al Zalzalah_46.wav;17;Az-Zalzalah;surat17
Al Zalzalah_47.wav;17;Az-Zalzalah;surat17
Al Zalzalah_48.wav;17;Az-Zalzalah;surat17
Al Zalzalah_49.wav;17;Az-Zalzalah;surat17
Al Zalzalah_5.wav;17;Az-Zalzalah;surat17
Al Zalzalah_50.wav;17;Az-Zalzalah;surat17
Al Zalzalah_51.wav;17;Az-Zalzalah;surat17
Al Zalzalah_52.wav;17;Az-Zalzalah;surat17
Al Zalzalah_53.wav;17;Az-Zalzalah;surat17
Al Zalzalah_54.wav;17;Az-Zalzalah;surat17
Al Zalzalah_55.wav;17;Az-Zalzalah;surat17
Al Zalzalah_56.wav;17;Az-Zalzalah;surat17
Al Zalzalah_57.wav;17;Az-Zalzalah;surat17
Al Zalzalah_58.wav;17;Az-Zalzalah;surat17
Al Zalzalah_59.wav;17;Az-Zalzalah;surat17
Al Zalzalah_6.wav;17;Az-Zalzalah;surat17
Al Zalzalah_60.wav;17;Az-Zalzalah;surat17
Al Zalzalah_61.wav;17;Az-Zalzalah;surat17
Al Zalzalah_62.wav;17;Az-Zalzalah;surat17
Al Zalzalah_63.wav;17;Az-Zalzalah;surat17
Al Zalzalah_64.wav;17;Az-Zalzalah;surat17
Al Zalzalah_65.wav;17;Az-Zalzalah;surat17
Al Zalzalah_66.wav;17;Az-Zalzalah;surat17
Al Zalzalah_67.wav;17;Az-Zalzalah;surat17
Al Zalzalah_68.wav;17;Az-Zalzalah;surat17
Al Zalzalah_69.wav;17;Az-Zalzalah;surat17
Al Zalzalah_7.wav;17;Az-Zalzalah;surat17
Al zalzalah_70.wav;17;Az-Zalzalah;surat17
Al Zalzalah_71.wav;17;Az-Zalzalah;surat17
Al Zalzalah_72.wav;17;Az-Zalzalah;surat17
Al Zalzalah_73.wav;17;Az-Zalzalah;surat17
Al Zalzalah_74.wav;17;Az-Zalzalah;surat17
Al Zalzalah_75.wav;17;Az-Zalzalah;surat17
Al Zalzalah_76.wav;17;Az-Zalzalah;surat17
Al Zalzalah_77.wav;17;Az-Zalzalah;surat17
Al Zalzalah_78.wav;17;Az-Zalzalah;surat17
Al Zalzalah_79.wav;17;Az-Zalzalah;surat17
Al Zalzalah_8.wav;17;Az-Zalzalah;surat17
Al Zalzalah_9.wav;17;Az-Zalzalah;surat17
Al-Zalzalah_25.wav;17;Az-Zalzalah;surat17
Al-Zalzalah_26.wav;17;Az-Zalzalah;surat17
Al-Zalzalah_27.wav;17;Az-Zalzalah;surat17
Az Zalzalah.wav;17;Az-Zalzalah;surat17
Az Zalzalah_1.wav;17;Az-Zalzalah;surat17
Az Zalzalah_10.wav;17;Az-Zalzalah;surat17
Az Zalzalah_11.wav;17;Az-Zalzalah;surat17
Az Zalzalah_12.wav;17;Az-Zalzalah;surat17
Az Zalzalah_13.wav;17;Az-Zalzalah;surat17
Az Zalzalah_14.wav;17;Az-Zalzalah;surat17
Az Zalzalah_15.wav;17;Az-Zalzalah;surat17
Az Zalzalah_17.wav;17;Az-Zalzalah;surat17
Az Zalzalah_18.wav;17;Az-Zalzalah;surat17
Az zalzalah_19.wav;17;Az-Zalzalah;surat17
Az Zalzalah_2.wav;17;Az-Zalzalah;surat17
Az zalzalah_20.wav;17;Az-Zalzalah;surat17
Az zalzalah_21.wav;17;Az-Zalzalah;surat17
Az Zalzalah_4.wav;17;Az-Zalzalah;surat17
Az Zalzalah_5.wav;17;Az-Zalzalah;surat17
Az Zalzalah_6.wav;17;Az-Zalzalah;surat17
Az Zalzalah_7.wav;17;Az-Zalzalah;surat17
Az Zalzalah_8.wav;17;Az-Zalzalah;surat17
Az Zalzalah_9.wav;17;Az-Zalzalah;surat17
Al Quraish.wav;18;Quraisy;surat18
Al Quraish_1.wav;18;Quraisy;surat18
Al Quraish_10.wav;18;Quraisy;surat18
Al Quraish_11.wav;18;Quraisy;surat18
Al Quraish_12.wav;18;Quraisy;surat18
Al Quraish_13.wav;18;Quraisy;surat18
Al Quraish_14.wav;18;Quraisy;surat18
Al Quraish_15.wav;18;Quraisy;surat18
Al Quraish_16.wav;18;Quraisy;surat18
Al Quraish_17.wav;18;Quraisy;surat18
Al Quraish_18.wav;18;Quraisy;surat18
Al Quraish_19.wav;18;Quraisy;surat18
Al Quraish_2.wav;18;Quraisy;surat18
Al Quraish_20.wav;18;Quraisy;surat18
Al Quraish_21.wav;18;Quraisy;surat18
Al Quraish_22.wav;18;Quraisy;surat18
Al Quraish_23.wav;18;Quraisy;surat18
Al Quraish_24.wav;18;Quraisy;surat18
Al Quraish_25.wav;18;Quraisy;surat18
Al Quraish_26.wav;18;Quraisy;surat18
Al Quraish_27.wav;18;Quraisy;surat18
Al Quraish_28.wav;18;Quraisy;surat18
Al Quraish_29.wav;18;Quraisy;surat18
Al Quraish_3.wav;18;Quraisy;surat18
Al Quraish_30.wav;18;Quraisy;surat18
Al Quraish_31.wav;18;Quraisy;surat18
Al Quraish_32.wav;18;Quraisy;surat18
Al Quraish_33.wav;18;Quraisy;surat18
Al Quraish_34.wav;18;Quraisy;surat18
Al Quraish_35.wav;18;Quraisy;surat18
Al Quraish_36.wav;18;Quraisy;surat18
Al Quraish_37.wav;18;Quraisy;surat18
Al Quraish_38.wav;18;Quraisy;surat18
Al Quraish_39.wav;18;Quraisy;surat18
Al Quraish_4.wav;18;Quraisy;surat18
Al Quraish_40.wav;18;Quraisy;surat18
Al Quraish_41.wav;18;Quraisy;surat18
Al Quraish_42.wav;18;Quraisy;surat18
Al Quraish_43.wav;18;Quraisy;surat18
Al Quraish_44.wav;18;Quraisy;surat18
Al Quraish_45.wav;18;Quraisy;surat18
Al Quraish_46.wav;18;Quraisy;surat18
Al Quraish_47.wav;18;Quraisy;surat18
Al Quraish_48.wav;18;Quraisy;surat18
Al Quraish_49.wav;18;Quraisy;surat18
Al Quraish_5.wav;18;Quraisy;surat18
Al Quraish_50.wav;18;Quraisy;surat18
Al Quraish_51.wav;18;Quraisy;surat18
Al Quraish_52.wav;18;Quraisy;surat18
Al Quraish_53.wav;18;Quraisy;surat18
Al Quraish_54.wav;18;Quraisy;surat18
Al Quraish_55.wav;18;Quraisy;surat18
Al Quraish_56.wav;18;Quraisy;surat18
Al Quraish_57.wav;18;Quraisy;surat18
Al Quraish_58.wav;18;Quraisy;surat18
Al Quraish_59.wav;18;Quraisy;surat18
Al Quraish_6.wav;18;Quraisy;surat18
Al Quraish_60.wav;18;Quraisy;surat18
Al Quraish_61.wav;18;Quraisy;surat18
Al Quraish_62.wav;18;Quraisy;surat18
Al Quraish_63.wav;18;Quraisy;surat18
Al Quraish_64.wav;18;Quraisy;surat18
Al Quraish_65.wav;18;Quraisy;surat18
Al Quraish_66.wav;18;Quraisy;surat18
Al Quraish_67.wav;18;Quraisy;surat18
Al Quraish_68.wav;18;Quraisy;surat18
AL Quraish_69.wav;18;Quraisy;surat18
Al Quraish_7.wav;18;Quraisy;surat18
Al Quraish_70.wav;18;Quraisy;surat18
Al Quraish_71.wav;18;Quraisy;surat18
Al Quraish_72.wav;18;Quraisy;surat18
Al Quraish_73.wav;18;Quraisy;surat18
Al Quraish_74.wav;18;Quraisy;surat18
Al Quraish_75.wav;18;Quraisy;surat18
Al Quraish_76.wav;18;Quraisy;surat18
Al Quraish_77.wav;18;Quraisy;surat18
Al Quraish_78.wav;18;Quraisy;surat18
Al Quraish_79.wav;18;Quraisy;surat18
Al Quraish_8.wav;18;Quraisy;surat18
Al Quraish_80.wav;18;Quraisy;surat18
Al Quraish_81.wav;18;Quraisy;surat18
Al Quraish_82.wav;18;Quraisy;surat18
Al Quraish_83.wav;18;Quraisy;surat18
Al Quraish_84.wav;18;Quraisy;surat18
Al Quraish_85.wav;18;Quraisy;surat18
Al Quraish_86.wav;18;Quraisy;surat18
Al Quraish_87.wav;18;Quraisy;surat18
Al Quraish_88.wav;18;Quraisy;surat18
Al Quraish_89.wav;18;Quraisy;surat18
Al Quraish_9.wav;18;Quraisy;surat18
Quraisy.wav;18;Quraisy;surat18
Quraisy_1.wav;18;Quraisy;surat18
Quraisy_10.wav;18;Quraisy;surat18
Quraisy_11.wav;18;Quraisy;surat18
Quraisy_12.wav;18;Quraisy;surat18
Quraisy_13.wav;18;Quraisy;surat18
Quraisy_14.wav;18;Quraisy;surat18
Quraisy_15.wav;18;Quraisy;surat18
Quraisy_17.wav;18;Quraisy;surat18
Quraisy_18.wav;18;Quraisy;surat18
Quraisy_19.wav;18;Quraisy;surat18
Quraisy_2.wav;18;Quraisy;surat18
Quraisy_20.wav;18;Quraisy;surat18
Quraisy_21.wav;18;Quraisy;surat18
Quraisy_22.wav;18;Quraisy;surat18
Quraisy_23.wav;18;Quraisy;surat18
Quraisy_24.wav;18;Quraisy;surat18
Quraisy_25.wav;18;Quraisy;surat18
Quraisy_26.wav;18;Quraisy;surat18
Quraisy_27.wav;18;Quraisy;surat18
Quraisy_28.wav;18;Quraisy;surat18
Quraisy_29.wav;18;Quraisy;surat18
Quraisy_3.wav;18;Quraisy;surat18
Quraisy_30.wav;18;Quraisy;surat18
Quraisy_4.wav;18;Quraisy;surat18
Quraisy_5.wav;18;Quraisy;surat18
Quraisy_6.wav;18;Quraisy;surat18
Quraisy_7.wav;18;Quraisy;surat18
Quraisy_8.wav;18;Quraisy;surat18
Quraisy_9.wav;18;Quraisy;surat18
